system:index,.geo,VV,VH,NDVI,soil_moisture
20200126_0,"{""geodesic"":false,""type"":""Point"",""coordinates"":[79.4335289982687,10.7034266102841]}",-9.314484365856035,-14.525704831361978,0.6160425,0.23275003
20200126_1,"{""geodesic"":false,""type"":""Point"",""coordinates"":[79.44251215110988,10.7034266102841]}",-9.37666681444007,-14.54754261289569,0.5431274,0.23954068
20200126_2,"{""geodesic"":false,""type"":""Point"",""coordinates"":[79.45149530395108,10.7034266102841]}",-9.31069233245086,-14.458325976212937,0.5724897,0.23954068
20200126_3,"{""geodesic"":false,""type"":""Point"",""coordinates"":[79.46047845679227,10.7034266102841]}",-9.228480226315202,-14.260935033036674,0.4505331,0.23954068
20200126_4,"{""geodesic"":false,""type"":""Point"",""coordinates"":[79.46946160963347,10.7034266102841]}",-8.491947754215222,-13.81712423695162,0.42753273,0.23954068
20200126_5,"{""geodesic"":false,""type"":""Point"",""coordinates"":[79.40657953974511,10.712409763125294]}",-8.800137074113698,-14.578905229950308,0.5287742,0.23275003
20200126_6,"{""geodesic"":false,""type"":""Point"",""coordinates"":[79.4155626925863,10.712409763125294]}",-8.333665845924859,-14.385015566808638,0.5303381,0.23275003
20200126_7,"{""geodesic"":false,""type"":""Point"",""coordinates"":[79.4245458454275,10.712409763125294]}",-8.47022837313102,-14.402581820427136,0.33170903,0.23275003
20200126_8,"{""geodesic"":false,""type"":""Point"",""coordinates"":[79.44251215110988,10.712409763125294]}",-8.681198392444287,-14.366674965502604,0.4061115,0.23954068
20200126_9,"{""geodesic"":false,""type"":""Point"",""coordinates"":[79.45149530395108,10.712409763125294]}",-8.969103976792175,-13.722913329471073,0.42192227,0.23954068
20200126_10,"{""geodesic"":false,""type"":""Point"",""coordinates"":[79.46047845679227,10.712409763125294]}",-9.17601141359391,-13.996244124814416,0.43370235,0.23954068
20200126_11,"{""geodesic"":false,""type"":""Point"",""coordinates"":[79.46946160963347,10.712409763125294]}",-8.576443997176552,-14.351717482653257,0.34666666,0.23954068
20200126_12,"{""geodesic"":false,""type"":""Point"",""coordinates"":[79.47844476247467,10.712409763125294]}",-9.12725121237746,-13.582736031423735,0.26358825,0.23954068
20200126_13,"{""geodesic"":false,""type"":""Point"",""coordinates"":[79.48742791531586,10.712409763125294]}",-8.944335377056994,-13.60569690240956,0.49083704,0.23954068
20200126_14,"{""geodesic"":false,""type"":""Point"",""coordinates"":[79.40657953974511,10.72139291596649]}",-8.934459962318249,-14.803920434958846,0.5516129,0.23275003
20200126_15,"{""geodesic"":false,""type"":""Point"",""coordinates"":[79.4155626925863,10.72139291596649]}",-9.344285142829404,-14.436975628690565,0.6638353,0.23275003
20200126_16,"{""geodesic"":false,""type"":""Point"",""coordinates"":[79.4245458454275,10.72139291596649]}",-8.669747132197458,-14.351850567858335,0.58661294,0.23275003
20200126_17,"{""geodesic"":false,""type"":""Point"",""coordinates"":[79.4335289982687,10.72139291596649]}",-8.35983177601183,-14.363597066106838,0.55193764,0.23275003
20200126_18,"{""geodesic"":false,""type"":""Point"",""coordinates"":[79.44251215110988,10.72139291596649]}",-9.511213008634412,-14.497314384181152,0.5026316,0.23954068
20200126_19,"{""geodesic"":false,""type"":""Point"",""coordinates"":[79.45149530395108,10.72139291596649]}",-9.05185273477128,-14.090627583327697,0.46834242,0.23954068
20200126_20,"{""geodesic"":false,""type"":""Point"",""coordinates"":[79.46047845679227,10.72139291596649]}",-9.077497268993271,-14.708690759489958,0.406865,0.23954068
20200126_21,"{""geodesic"":false,""type"":""Point"",""coordinates"":[79.46946160963347,10.72139291596649]}",-9.234708539552358,-14.687210554592918,0.56989783,0.23954068
20200126_22,"{""geodesic"":false,""type"":""Point"",""coordinates"":[79.47844476247467,10.72139291596649]}",-8.754157481004595,-14.132800835872516,0.3007019,0.23954068
20200126_23,"{""geodesic"":false,""type"":""Point"",""coordinates"":[79.48742791531586,10.72139291596649]}",-8.033474488361588,-13.384168180518722,0.46993577,0.23954068
20200126_24,"{""geodesic"":false,""type"":""Point"",""coordinates"":[79.49641106815706,10.72139291596649]}",-8.958766809090292,-14.161408068017565,0.42864424,0.23954068
20200126_25,"{""geodesic"":false,""type"":""Point"",""coordinates"":[79.50539422099826,10.72139291596649]}",-8.64569474668354,-13.685178466347416,0.40257353,0.23954068
20200126_26,"{""geodesic"":false,""type"":""Point"",""coordinates"":[79.38861323406272,10.730376068807685]}",-8.890910693149094,-15.16344307997393,0.3238653,0.22517428
20200126_27,"{""geodesic"":false,""type"":""Point"",""coordinates"":[79.39759638690391,10.730376068807685]}",-9.036034020114036,-14.79695049137915,0.42507288,0.22517428
20200126_28,"{""geodesic"":false,""type"":""Point"",""coordinates"":[79.40657953974511,10.730376068807685]}",-7.75934104320939,-14.742671896152206,0.6212658,0.22517428
20200126_29,"{""geodesic"":false,""type"":""Point"",""coordinates"":[79.4155626925863,10.730376068807685]}",-9.297670697051752,-14.925672264028783,0.26145068,0.22517428
20200126_30,"{""geodesic"":false,""type"":""Point"",""coordinates"":[79.4245458454275,10.730376068807685]}",-9.063599118140871,-14.69895855508118,0.43055555,0.22517428
20200126_31,"{""geodesic"":false,""type"":""Point"",""coordinates"":[79.4335289982687,10.730376068807685]}",-8.792728414825328,-14.394870760601284,0.55132216,0.22517428
20200126_32,"{""geodesic"":false,""type"":""Point"",""coordinates"":[79.44251215110988,10.730376068807685]}",-9.064445548753854,-13.731500068177384,0.5403629,0.23065093
20200126_33,"{""geodesic"":false,""type"":""Point"",""coordinates"":[79.45149530395108,10.730376068807685]}",-8.828646360383573,-14.470310533462056,0.52911395,0.23065093
20200126_34,"{""geodesic"":false,""type"":""Point"",""coordinates"":[79.46047845679227,10.730376068807685]}",-8.897608677760955,-15.035513077149236,0.46625924,0.23065093
20200126_35,"{""geodesic"":false,""type"":""Point"",""coordinates"":[79.46946160963347,10.730376068807685]}",-9.144997337764517,-15.080128557508823,0.39238653,0.23065093
20200126_36,"{""geodesic"":false,""type"":""Point"",""coordinates"":[79.47844476247467,10.730376068807685]}",-9.44891490049258,-14.558657647260755,0.49984193,0.23065093
20200126_37,"{""geodesic"":false,""type"":""Point"",""coordinates"":[79.48742791531586,10.730376068807685]}",-9.01751314437302,-14.156611291600116,0.54564255,0.23065093
20200126_38,"{""geodesic"":false,""type"":""Point"",""coordinates"":[79.49641106815706,10.730376068807685]}",-8.593266893089094,-14.027433751524985,0.5989061,0.23065093
20200126_39,"{""geodesic"":false,""type"":""Point"",""coordinates"":[79.50539422099826,10.730376068807685]}",-8.910756717384874,-14.294440983304092,0.51621825,0.23065093
20200126_40,"{""geodesic"":false,""type"":""Point"",""coordinates"":[79.37963008122152,10.73935922164888]}",-9.202177354299476,-15.343825823782256,0.5303083,0.22517428
20200126_41,"{""geodesic"":false,""type"":""Point"",""coordinates"":[79.38861323406272,10.73935922164888]}",-9.215559526463451,-15.02824871391333,0.35683298,0.22517428
20200126_42,"{""geodesic"":false,""type"":""Point"",""coordinates"":[79.39759638690391,10.73935922164888]}",-9.674797958595592,-14.587946022886603,0.5366832,0.22517428
20200126_43,"{""geodesic"":false,""type"":""Point"",""coordinates"":[79.40657953974511,10.73935922164888]}",-9.045998708888671,-14.61388365770932,0.5053346,0.22517428
20200126_44,"{""geodesic"":false,""type"":""Point"",""coordinates"":[79.4155626925863,10.73935922164888]}",-9.190414507158232,-14.15005680748793,0.70379996,0.22517428
20200126_45,"{""geodesic"":false,""type"":""Point"",""coordinates"":[79.4245458454275,10.73935922164888]}",-8.914881091366423,-14.329868017906955,0.55136883,0.22517428
20200126_46,"{""geodesic"":false,""type"":""Point"",""coordinates"":[79.4335289982687,10.73935922164888]}",-9.306149788771709,-14.97717876873886,0.47205642,0.22517428
20200126_47,"{""geodesic"":false,""type"":""Point"",""coordinates"":[79.44251215110988,10.73935922164888]}",-9.5308921729134,-14.69153918214996,0.6110426,0.23065093
20200126_48,"{""geodesic"":false,""type"":""Point"",""coordinates"":[79.45149530395108,10.73935922164888]}",-9.065577597777802,-15.164827705652408,0.47688735,0.23065093
20200126_49,"{""geodesic"":false,""type"":""Point"",""coordinates"":[79.46047845679227,10.73935922164888]}",-9.78241596230043,-14.56856418954741,0.48903155,0.23065093
20200126_50,"{""geodesic"":false,""type"":""Point"",""coordinates"":[79.47844476247467,10.73935922164888]}",-8.908654220036915,-14.319346303358998,0.49080622,0.23065093
20200126_51,"{""geodesic"":false,""type"":""Point"",""coordinates"":[79.48742791531586,10.73935922164888]}",-8.594256552088686,-14.156656372397954,0.6561033,0.23065093
20200126_52,"{""geodesic"":false,""type"":""Point"",""coordinates"":[79.49641106815706,10.73935922164888]}",-8.282579585670426,-13.478908566380026,0.5768786,0.23065093
20200126_53,"{""geodesic"":false,""type"":""Point"",""coordinates"":[79.51437737383945,10.73935922164888]}",-7.196483691418033,-13.906639731414655,0.58301985,0.23065093
20200126_54,"{""geodesic"":false,""type"":""Point"",""coordinates"":[79.52336052668065,10.73935922164888]}",-9.006941824924779,-13.864311861669451,0.59400326,0.244421
20200126_55,"{""geodesic"":false,""type"":""Point"",""coordinates"":[79.37064692838032,10.748342374490075]}",-8.956660285820915,-15.179752643217268,0.44796574,0.22517428
20200126_56,"{""geodesic"":false,""type"":""Point"",""coordinates"":[79.37963008122152,10.748342374490075]}",-8.1695477559384,-14.876021277582709,0.40161106,0.22517428
20200126_57,"{""geodesic"":false,""type"":""Point"",""coordinates"":[79.38861323406272,10.748342374490075]}",-8.334475030388681,-14.901470705239824,0.62219214,0.22517428
20200126_58,"{""geodesic"":false,""type"":""Point"",""coordinates"":[79.39759638690391,10.748342374490075]}",-8.641757550602062,-14.616732942353272,0.59686,0.22517428
20200126_59,"{""geodesic"":false,""type"":""Point"",""coordinates"":[79.40657953974511,10.748342374490075]}",-9.304312818263938,-14.690268438851897,0.61176175,0.22517428
20200126_60,"{""geodesic"":false,""type"":""Point"",""coordinates"":[79.4155626925863,10.748342374490075]}",-8.74325521758703,-14.797888026587922,0.506337,0.22517428
20200126_61,"{""geodesic"":false,""type"":""Point"",""coordinates"":[79.4245458454275,10.748342374490075]}",-8.68041556854671,-14.5923072023444,0.51926184,0.22517428
20200126_62,"{""geodesic"":false,""type"":""Point"",""coordinates"":[79.4335289982687,10.748342374490075]}",-7.843522097269399,-14.439030364309914,0.65768194,0.22517428
20200126_63,"{""geodesic"":false,""type"":""Point"",""coordinates"":[79.44251215110988,10.748342374490075]}",-9.439066307798408,-14.773463041488029,0.57178015,0.23065093
20200126_64,"{""geodesic"":false,""type"":""Point"",""coordinates"":[79.45149530395108,10.748342374490075]}",-9.118529146567,-15.089738905895194,0.33579585,0.23065093
20200126_65,"{""geodesic"":false,""type"":""Point"",""coordinates"":[79.46047845679227,10.748342374490075]}",-9.447806338229745,-14.825149728954631,0.40096453,0.23065093
20200126_66,"{""geodesic"":false,""type"":""Point"",""coordinates"":[79.46946160963347,10.748342374490075]}",-9.026613716155897,-14.49832842768596,0.50978374,0.23065093
20200126_67,"{""geodesic"":false,""type"":""Point"",""coordinates"":[79.47844476247467,10.748342374490075]}",-8.703036203799767,-14.196744276002066,0.3756786,0.23065093
20200126_68,"{""geodesic"":false,""type"":""Point"",""coordinates"":[79.48742791531586,10.748342374490075]}",-8.377863629195254,-14.061213735458892,0.40510297,0.23065093
20200126_69,"{""geodesic"":false,""type"":""Point"",""coordinates"":[79.49641106815706,10.748342374490075]}",-8.54783410933745,-14.375895628528552,0.60589606,0.23065093
20200126_70,"{""geodesic"":false,""type"":""Point"",""coordinates"":[79.50539422099826,10.748342374490075]}",-7.151263149318096,-14.38616229255215,0.6129578,0.23065093
20200126_71,"{""geodesic"":false,""type"":""Point"",""coordinates"":[79.51437737383945,10.748342374490075]}",-8.514482307961433,-13.460654913983198,0.5540875,0.23065093
20200126_72,"{""geodesic"":false,""type"":""Point"",""coordinates"":[79.52336052668065,10.748342374490075]}",-8.298134510184806,-14.425784490110932,0.63529414,0.244421
20200126_73,"{""geodesic"":false,""type"":""Point"",""coordinates"":[79.37064692838032,10.75732552733127]}",-8.547851711754713,-15.273693513488244,0.40462962,0.22517428
20200126_74,"{""geodesic"":false,""type"":""Point"",""coordinates"":[79.37963008122152,10.75732552733127]}",-8.224525795968026,-14.531529912532145,0.33491838,0.22517428
20200126_75,"{""geodesic"":false,""type"":""Point"",""coordinates"":[79.38861323406272,10.75732552733127]}",-8.357888373314793,-14.842870340706169,0.585353,0.22517428
20200126_76,"{""geodesic"":false,""type"":""Point"",""coordinates"":[79.39759638690391,10.75732552733127]}",-9.602249043680606,-14.5687726500538,0.50858885,0.22517428
20200126_77,"{""geodesic"":false,""type"":""Point"",""coordinates"":[79.4155626925863,10.75732552733127]}",-9.266387051312693,-14.606367431640871,0.5107438,0.22517428
20200126_78,"{""geodesic"":false,""type"":""Point"",""coordinates"":[79.4245458454275,10.75732552733127]}",-7.780949779343393,-14.263090330721935,0.420339,0.22517428
20200126_79,"{""geodesic"":false,""type"":""Point"",""coordinates"":[79.4335289982687,10.75732552733127]}",-8.738563525842073,-13.772684351269469,0.5134274,0.22517428
20200126_80,"{""geodesic"":false,""type"":""Point"",""coordinates"":[79.44251215110988,10.75732552733127]}",-9.48881084592212,-14.542108086490694,0.3757357,0.23065093
20200126_81,"{""geodesic"":false,""type"":""Point"",""coordinates"":[79.45149530395108,10.75732552733127]}",-9.618884904663194,-14.087404947947473,0.41799787,0.23065093
20200126_82,"{""geodesic"":false,""type"":""Point"",""coordinates"":[79.46047845679227,10.75732552733127]}",-8.923429485944784,-14.934598968304396,0.36472946,0.23065093
20200126_83,"{""geodesic"":false,""type"":""Point"",""coordinates"":[79.46946160963347,10.75732552733127]}",-9.256879554079315,-14.748868987852934,0.4670316,0.23065093
20200126_84,"{""geodesic"":false,""type"":""Point"",""coordinates"":[79.47844476247467,10.75732552733127]}",-9.031796652444852,-14.854948193365155,0.17564295,0.23065093
20200126_85,"{""geodesic"":false,""type"":""Point"",""coordinates"":[79.48742791531586,10.75732552733127]}",-8.91996107396534,-14.192075688841692,0.13057014,0.23065093
20200126_86,"{""geodesic"":false,""type"":""Point"",""coordinates"":[79.49641106815706,10.75732552733127]}",-7.34006169283613,-14.159368822269643,0.34797004,0.23065093
20200126_87,"{""geodesic"":false,""type"":""Point"",""coordinates"":[79.50539422099826,10.75732552733127]}",-7.207432480483544,-14.746011330539687,0.5863696,0.23065093
20200126_88,"{""geodesic"":false,""type"":""Point"",""coordinates"":[79.51437737383945,10.75732552733127]}",-8.359528810525335,-13.274740791111563,0.4421408,0.23065093
20200126_89,"{""geodesic"":false,""type"":""Point"",""coordinates"":[79.52336052668065,10.75732552733127]}",-8.529887167425084,-13.272983872825224,0.47599798,0.244421
20200126_90,"{""geodesic"":false,""type"":""Point"",""coordinates"":[79.53234367952184,10.75732552733127]}",-8.460607246228149,-13.837938801874913,0.18286219,0.244421
20200126_91,"{""geodesic"":false,""type"":""Point"",""coordinates"":[79.37064692838032,10.766308680172466]}",-9.282585758143629,-14.617616436322416,0.49593845,0.22517428
20200126_92,"{""geodesic"":false,""type"":""Point"",""coordinates"":[79.37963008122152,10.766308680172466]}",-8.148201064074229,-14.952916520630495,0.33780137,0.22517428
20200126_93,"{""geodesic"":false,""type"":""Point"",""coordinates"":[79.39759638690391,10.766308680172466]}",-8.298080717862135,-14.377845851104343,0.35304165,0.22517428
20200126_94,"{""geodesic"":false,""type"":""Point"",""coordinates"":[79.40657953974511,10.766308680172466]}",-8.852911637558027,-14.3438229594493,0.58639604,0.22517428
20200126_95,"{""geodesic"":false,""type"":""Point"",""coordinates"":[79.4155626925863,10.766308680172466]}",-8.098918103525609,-14.120004282383396,0.45497283,0.22517428
20200126_96,"{""geodesic"":false,""type"":""Point"",""coordinates"":[79.4245458454275,10.766308680172466]}",-7.956621542099901,-14.202140331205324,0.33359203,0.22517428
20200126_97,"{""geodesic"":false,""type"":""Point"",""coordinates"":[79.4335289982687,10.766308680172466]}",-8.350157085450672,-14.013568222287509,0.3953578,0.22517428
20200126_98,"{""geodesic"":false,""type"":""Point"",""coordinates"":[79.45149530395108,10.766308680172466]}",-8.606716317028964,-13.812409498118592,0.59592116,0.23065093
20200126_99,"{""geodesic"":false,""type"":""Point"",""coordinates"":[79.46047845679227,10.766308680172466]}",-8.837547916065464,-14.474634442881216,0.59147775,0.23065093
20200126_100,"{""geodesic"":false,""type"":""Point"",""coordinates"":[79.46946160963347,10.766308680172466]}",-8.765509902864805,-14.365540888369612,0.65874875,0.23065093
20200126_101,"{""geodesic"":false,""type"":""Point"",""coordinates"":[79.48742791531586,10.766308680172466]}",-8.182447368073653,-13.638406316170451,0.5139319,0.23065093
20200126_102,"{""geodesic"":false,""type"":""Point"",""coordinates"":[79.49641106815706,10.766308680172466]}",-7.837933873671119,-14.533711221551634,0.61391026,0.23065093
20200126_103,"{""geodesic"":false,""type"":""Point"",""coordinates"":[79.50539422099826,10.766308680172466]}",-8.017434090800352,-14.551321209805,0.4653911,0.23065093
20200126_104,"{""geodesic"":false,""type"":""Point"",""coordinates"":[79.51437737383945,10.766308680172466]}",-8.076537058202977,-13.53136052088317,0.44738278,0.23065093
20200126_105,"{""geodesic"":false,""type"":""Point"",""coordinates"":[79.52336052668065,10.766308680172466]}",-8.956887281014259,-13.234116895472171,0.4305744,0.244421
20200126_106,"{""geodesic"":false,""type"":""Point"",""coordinates"":[79.53234367952184,10.766308680172466]}",-8.528767711644882,-14.43667318680456,0.42112347,0.244421
20200126_107,"{""geodesic"":false,""type"":""Point"",""coordinates"":[79.36166377553913,10.775291833013661]}",-8.327742887037765,-14.968235816225324,0.6092599,0.22517428
20200126_108,"{""geodesic"":false,""type"":""Point"",""coordinates"":[79.37064692838032,10.775291833013661]}",-8.634418819905786,-14.699232564745731,0.4104683,0.22517428
20200126_109,"{""geodesic"":false,""type"":""Point"",""coordinates"":[79.37963008122152,10.775291833013661]}",-8.511978250711564,-14.217932540978444,0.52446246,0.22517428
20200126_110,"{""geodesic"":false,""type"":""Point"",""coordinates"":[79.38861323406272,10.775291833013661]}",-8.347379275392974,-14.639444560908109,0.4777914,0.22517428
20200126_111,"{""geodesic"":false,""type"":""Point"",""coordinates"":[79.39759638690391,10.775291833013661]}",-9.597348486426498,-14.605918861893638,0.5340695,0.22517428
20200126_112,"{""geodesic"":false,""type"":""Point"",""coordinates"":[79.40657953974511,10.775291833013661]}",-8.219495263313107,-14.401063472367584,0.51500237,0.22517428
20200126_113,"{""geodesic"":false,""type"":""Point"",""coordinates"":[79.4155626925863,10.775291833013661]}",-7.56255661503073,-14.601312489513472,0.40995568,0.22517428
20200126_114,"{""geodesic"":false,""type"":""Point"",""coordinates"":[79.4245458454275,10.775291833013661]}",-8.172123170557647,-13.788581307720856,0.5657233,0.22517428
20200126_115,"{""geodesic"":false,""type"":""Point"",""coordinates"":[79.4335289982687,10.775291833013661]}",-8.809444241377753,-13.75918962681536,0.58439106,0.22517428
20200126_116,"{""geodesic"":false,""type"":""Point"",""coordinates"":[79.44251215110988,10.775291833013661]}",-9.146051963963544,-13.718607463937785,0.6159394,0.23065093
20200126_117,"{""geodesic"":false,""type"":""Point"",""coordinates"":[79.45149530395108,10.775291833013661]}",-9.261692941832887,-14.167355852579483,0.24569975,0.23065093
20200126_118,"{""geodesic"":false,""type"":""Point"",""coordinates"":[79.46047845679227,10.775291833013661]}",-8.686977694819731,-14.1346763110752,0.5662328,0.23065093
20200126_119,"{""geodesic"":false,""type"":""Point"",""coordinates"":[79.47844476247467,10.775291833013661]}",-8.534603857636966,-13.761097405569007,0.4706594,0.23065093
20200126_120,"{""geodesic"":false,""type"":""Point"",""coordinates"":[79.48742791531586,10.775291833013661]}",-7.684908921830531,-13.828177792002965,0.6321879,0.23065093
20200126_121,"{""geodesic"":false,""type"":""Point"",""coordinates"":[79.49641106815706,10.775291833013661]}",-8.481686688521163,-13.919262704051985,0.45754957,0.23065093
20200126_122,"{""geodesic"":false,""type"":""Point"",""coordinates"":[79.50539422099826,10.775291833013661]}",-8.747383039696167,-14.269460600220691,0.5042064,0.23065093
20200126_123,"{""geodesic"":false,""type"":""Point"",""coordinates"":[79.51437737383945,10.775291833013661]}",-8.084091865626814,-13.92741681500734,0.41547439,0.23065093
20200126_124,"{""geodesic"":false,""type"":""Point"",""coordinates"":[79.52336052668065,10.775291833013661]}",-7.926552718004856,-14.096049526036056,0.41438654,0.244421
20200126_125,"{""geodesic"":false,""type"":""Point"",""coordinates"":[79.53234367952184,10.775291833013661]}",-9.514009523341771,-14.13348890499979,0.44083384,0.244421
20200126_126,"{""geodesic"":false,""type"":""Point"",""coordinates"":[79.36166377553913,10.784274985854855]}",-8.426295610888472,-14.91069356844864,0.32277426,0.22517428
20200126_127,"{""geodesic"":false,""type"":""Point"",""coordinates"":[79.37064692838032,10.784274985854855]}",-9.420213294912465,-14.403888399092269,0.28483623,0.22517428
20200126_128,"{""geodesic"":false,""type"":""Point"",""coordinates"":[79.37963008122152,10.784274985854855]}",-9.003481210058892,-15.060204633423592,0.6208353,0.22517428
20200126_129,"{""geodesic"":false,""type"":""Point"",""coordinates"":[79.38861323406272,10.784274985854855]}",-9.91282223398556,-15.064316700015116,0.2958873,0.22517428
20200126_130,"{""geodesic"":false,""type"":""Point"",""coordinates"":[79.39759638690391,10.784274985854855]}",-8.490268423781473,-14.021259067218915,0.5581795,0.22517428
20200126_131,"{""geodesic"":false,""type"":""Point"",""coordinates"":[79.40657953974511,10.784274985854855]}",-7.683841961464839,-14.296669108073814,0.65117985,0.22517428
20200126_132,"{""geodesic"":false,""type"":""Point"",""coordinates"":[79.4155626925863,10.784274985854855]}",-9.091574437797542,-13.904290072042604,0.6216073,0.22517428
20200126_133,"{""geodesic"":false,""type"":""Point"",""coordinates"":[79.4245458454275,10.784274985854855]}",-9.169162169546002,-13.668275884379774,0.29504633,0.22517428
20200126_134,"{""geodesic"":false,""type"":""Point"",""coordinates"":[79.4335289982687,10.784274985854855]}",-9.150247488658604,-14.287267596120452,0.50277066,0.22517428
20200126_135,"{""geodesic"":false,""type"":""Point"",""coordinates"":[79.44251215110988,10.784274985854855]}",-9.485734718713582,-14.274028331190609,0.53269494,0.23065093
20200126_136,"{""geodesic"":false,""type"":""Point"",""coordinates"":[79.45149530395108,10.784274985854855]}",-8.372256912747211,-13.743986992522036,0.3878943,0.23065093
20200126_137,"{""geodesic"":false,""type"":""Point"",""coordinates"":[79.46047845679227,10.784274985854855]}",-8.43086589566543,-13.77964736906987,0.65121126,0.23065093
20200126_138,"{""geodesic"":false,""type"":""Point"",""coordinates"":[79.46946160963347,10.784274985854855]}",-9.797107215850009,-14.630218040770592,0.40067536,0.23065093
20200126_139,"{""geodesic"":false,""type"":""Point"",""coordinates"":[79.47844476247467,10.784274985854855]}",-8.19634865641252,-13.94322756778811,0.6154822,0.23065093
20200126_140,"{""geodesic"":false,""type"":""Point"",""coordinates"":[79.48742791531586,10.784274985854855]}",-6.18105992921299,-14.35591824343334,0.47394344,0.23065093
20200126_141,"{""geodesic"":false,""type"":""Point"",""coordinates"":[79.49641106815706,10.784274985854855]}",-8.479311807148719,-14.01370764525823,0.5736229,0.23065093
20200126_142,"{""geodesic"":false,""type"":""Point"",""coordinates"":[79.51437737383945,10.784274985854855]}",-9.117178829931175,-14.290716799771282,0.43225348,0.23065093
20200126_143,"{""geodesic"":false,""type"":""Point"",""coordinates"":[79.52336052668065,10.784274985854855]}",-8.621521351784134,-13.42882312532563,0.46216992,0.244421
20200126_144,"{""geodesic"":false,""type"":""Point"",""coordinates"":[79.53234367952184,10.784274985854855]}",-8.853414063279043,-13.51116288265152,0.54654557,0.244421
20200126_145,"{""geodesic"":false,""type"":""Point"",""coordinates"":[79.36166377553913,10.793258138696052]}",-9.181227931843118,-14.222540902656,0.675991,0.22517428
20200126_146,"{""geodesic"":false,""type"":""Point"",""coordinates"":[79.37064692838032,10.793258138696052]}",-8.434186773198327,-14.062208803606254,0.40099606,0.22517428
20200126_147,"{""geodesic"":false,""type"":""Point"",""coordinates"":[79.37963008122152,10.793258138696052]}",-9.134963036676648,-14.079272097862168,0.505504,0.22517428
20200126_148,"{""geodesic"":false,""type"":""Point"",""coordinates"":[79.38861323406272,10.793258138696052]}",-8.98887862912806,-14.426346635334845,0.44661492,0.22517428
20200126_149,"{""geodesic"":false,""type"":""Point"",""coordinates"":[79.39759638690391,10.793258138696052]}",-8.97839920266332,-14.455055643451296,0.52867866,0.22517428
20200126_150,"{""geodesic"":false,""type"":""Point"",""coordinates"":[79.40657953974511,10.793258138696052]}",-8.915032315585012,-14.22380725205901,0.61818594,0.22517428
20200126_151,"{""geodesic"":false,""type"":""Point"",""coordinates"":[79.4245458454275,10.793258138696052]}",-8.955331634908193,-14.395997832346442,0.55619687,0.22517428
20200126_152,"{""geodesic"":false,""type"":""Point"",""coordinates"":[79.4335289982687,10.793258138696052]}",-9.05841093535692,-14.420829195434711,0.5490085,0.22517428
20200126_153,"{""geodesic"":false,""type"":""Point"",""coordinates"":[79.44251215110988,10.793258138696052]}",-8.601827363173157,-13.866789352298962,0.2995004,0.23065093
20200126_154,"{""geodesic"":false,""type"":""Point"",""coordinates"":[79.45149530395108,10.793258138696052]}",-8.559899684325101,-13.671426500478011,0.09894008,0.23065093
20200126_155,"{""geodesic"":false,""type"":""Point"",""coordinates"":[79.46047845679227,10.793258138696052]}",-9.579863216476491,-14.050935920832636,0.61992675,0.23065093
20200126_156,"{""geodesic"":false,""type"":""Point"",""coordinates"":[79.46946160963347,10.793258138696052]}",-9.306354986525598,-14.48718104004882,0.6192937,0.23065093
20200126_157,"{""geodesic"":false,""type"":""Point"",""coordinates"":[79.47844476247467,10.793258138696052]}",-9.599690514923536,-14.326661857497111,0.59378266,0.23065093
20200126_158,"{""geodesic"":false,""type"":""Point"",""coordinates"":[79.48742791531586,10.793258138696052]}",-9.122598215956527,-14.029158706063882,0.30078068,0.23065093
20200126_159,"{""geodesic"":false,""type"":""Point"",""coordinates"":[79.49641106815706,10.793258138696052]}",-9.268427043812714,-14.224163265409864,0.54071814,0.23065093
20200126_160,"{""geodesic"":false,""type"":""Point"",""coordinates"":[79.50539422099826,10.793258138696052]}",-8.393412397729119,-14.054087157632225,0.66823626,0.23065093
20200126_161,"{""geodesic"":false,""type"":""Point"",""coordinates"":[79.51437737383945,10.793258138696052]}",-8.5380785320854,-13.824352504853088,0.5172091,0.23065093
20200126_162,"{""geodesic"":false,""type"":""Point"",""coordinates"":[79.52336052668065,10.793258138696052]}",-8.282142960998101,-13.864435151177847,0.25785866,0.244421
20200126_163,"{""geodesic"":false,""type"":""Point"",""coordinates"":[79.53234367952184,10.793258138696052]}",-8.52862843407703,-13.552689568446674,0.36862352,0.244421
20200126_164,"{""geodesic"":false,""type"":""Point"",""coordinates"":[79.36166377553913,10.802241291537246]}",-8.659427540012762,-13.899232817197792,0.55057704,0.22517428
20200126_165,"{""geodesic"":false,""type"":""Point"",""coordinates"":[79.37064692838032,10.802241291537246]}",-8.611464120331252,-13.804910426559989,0.52673495,0.22517428
20200126_166,"{""geodesic"":false,""type"":""Point"",""coordinates"":[79.37963008122152,10.802241291537246]}",-9.309930955274286,-14.651539807919702,0.44171494,0.22517428
20200126_167,"{""geodesic"":false,""type"":""Point"",""coordinates"":[79.38861323406272,10.802241291537246]}",-9.249304138594251,-14.309184271017712,0.1535956,0.22517428
20200126_168,"{""geodesic"":false,""type"":""Point"",""coordinates"":[79.39759638690391,10.802241291537246]}",-9.564262916513565,-14.469039054982124,0.58463633,0.22517428
20200126_169,"{""geodesic"":false,""type"":""Point"",""coordinates"":[79.40657953974511,10.802241291537246]}",-9.049478565030688,-14.3564546531698,0.1022657,0.22517428
20200126_170,"{""geodesic"":false,""type"":""Point"",""coordinates"":[79.4155626925863,10.802241291537246]}",-9.221939736242724,-14.516664842179384,0.34071836,0.22517428
20200126_171,"{""geodesic"":false,""type"":""Point"",""coordinates"":[79.4245458454275,10.802241291537246]}",-9.125411108978502,-14.159755851126706,0.50584006,0.22517428
20200126_172,"{""geodesic"":false,""type"":""Point"",""coordinates"":[79.4335289982687,10.802241291537246]}",-8.951605338045086,-13.77050356439443,0.31506848,0.22517428
20200126_173,"{""geodesic"":false,""type"":""Point"",""coordinates"":[79.44251215110988,10.802241291537246]}",-9.185989273198649,-13.90602843519764,0.5102389,0.23065093
20200126_174,"{""geodesic"":false,""type"":""Point"",""coordinates"":[79.45149530395108,10.802241291537246]}",-9.135907558229365,-14.142449617225717,0.53094816,0.23065093
20200126_175,"{""geodesic"":false,""type"":""Point"",""coordinates"":[79.46047845679227,10.802241291537246]}",-8.890835499182916,-14.428309334664428,0.10328805,0.23065093
20200126_176,"{""geodesic"":false,""type"":""Point"",""coordinates"":[79.46946160963347,10.802241291537246]}",-8.492615003095047,-14.488667040298749,0.56004155,0.23065093
20200126_177,"{""geodesic"":false,""type"":""Point"",""coordinates"":[79.47844476247467,10.802241291537246]}",-9.511356709473151,-13.847817543512008,0.54783565,0.23065093
20200126_178,"{""geodesic"":false,""type"":""Point"",""coordinates"":[79.48742791531586,10.802241291537246]}",-9.003523396074279,-13.925468929903744,0.5937419,0.23065093
20200126_179,"{""geodesic"":false,""type"":""Point"",""coordinates"":[79.49641106815706,10.802241291537246]}",-9.790130111396278,-14.380181064794552,0.47280675,0.23065093
20200126_180,"{""geodesic"":false,""type"":""Point"",""coordinates"":[79.50539422099826,10.802241291537246]}",-8.651132844999909,-14.455613917718404,0.5374117,0.23065093
20200126_181,"{""geodesic"":false,""type"":""Point"",""coordinates"":[79.51437737383945,10.802241291537246]}",-8.869766889133464,-14.304543689158002,0.34214312,0.23065093
20200126_182,"{""geodesic"":false,""type"":""Point"",""coordinates"":[79.52336052668065,10.802241291537246]}",-8.438344831916101,-14.234452327444783,0.6096478,0.244421
20200126_183,"{""geodesic"":false,""type"":""Point"",""coordinates"":[79.53234367952184,10.802241291537246]}",-8.588497316326633,-13.892728908682225,0.64407396,0.244421
20200126_184,"{""geodesic"":false,""type"":""Point"",""coordinates"":[79.37064692838032,10.81122444437844]}",-8.625021500520555,-14.736356521571368,0.4102075,0.22597773
20200126_185,"{""geodesic"":false,""type"":""Point"",""coordinates"":[79.37963008122152,10.81122444437844]}",-8.839396304603914,-13.945868499109446,0.3519371,0.22597773
20200126_186,"{""geodesic"":false,""type"":""Point"",""coordinates"":[79.38861323406272,10.81122444437844]}",-9.383666788380996,-14.677754321126656,0.58154,0.22597773
20200126_187,"{""geodesic"":false,""type"":""Point"",""coordinates"":[79.39759638690391,10.81122444437844]}",-9.29641707334386,-14.45999098146899,0.5113068,0.22597773
20200126_188,"{""geodesic"":false,""type"":""Point"",""coordinates"":[79.40657953974511,10.81122444437844]}",-9.087349693386308,-13.900539773125622,0.4717552,0.22597773
20200126_189,"{""geodesic"":false,""type"":""Point"",""coordinates"":[79.4155626925863,10.81122444437844]}",-9.465877233341711,-14.95622058383821,0.43531826,0.22597773
20200126_190,"{""geodesic"":false,""type"":""Point"",""coordinates"":[79.4245458454275,10.81122444437844]}",-9.172446372640376,-14.423223033387693,0.45504797,0.22597773
20200126_191,"{""geodesic"":false,""type"":""Point"",""coordinates"":[79.4335289982687,10.81122444437844]}",-9.178102571177472,-14.449385802889491,0.4081547,0.22597773
20200126_192,"{""geodesic"":false,""type"":""Point"",""coordinates"":[79.44251215110988,10.81122444437844]}",-8.801979428088226,-14.123325210364946,0.62165636,0.22605728
20200126_193,"{""geodesic"":false,""type"":""Point"",""coordinates"":[79.45149530395108,10.81122444437844]}",-9.217581452441667,-14.26816660548883,0.50771266,0.22605728
20200126_194,"{""geodesic"":false,""type"":""Point"",""coordinates"":[79.46047845679227,10.81122444437844]}",-8.4054320193522,-14.409760367531364,0.3280673,0.22605728
20200126_195,"{""geodesic"":false,""type"":""Point"",""coordinates"":[79.46946160963347,10.81122444437844]}",-7.700747430105626,-14.09710081588246,0.4762228,0.22605728
20200126_196,"{""geodesic"":false,""type"":""Point"",""coordinates"":[79.47844476247467,10.81122444437844]}",-7.983991885085163,-13.697553951925274,0.558572,0.22605728
20200126_197,"{""geodesic"":false,""type"":""Point"",""coordinates"":[79.48742791531586,10.81122444437844]}",-8.556039470270258,-14.01574691188121,0.62340534,0.22605728
20200126_198,"{""geodesic"":false,""type"":""Point"",""coordinates"":[79.49641106815706,10.81122444437844]}",-9.036946120630097,-14.305703805863796,0.46838832,0.22605728
20200126_199,"{""geodesic"":false,""type"":""Point"",""coordinates"":[79.50539422099826,10.81122444437844]}",-8.641355697082371,-14.047254491108523,0.613239,0.22605728
20200126_200,"{""geodesic"":false,""type"":""Point"",""coordinates"":[79.51437737383945,10.81122444437844]}",-8.803914937825633,-13.828788384859685,0.4806527,0.22605728
20200126_201,"{""geodesic"":false,""type"":""Point"",""coordinates"":[79.52336052668065,10.81122444437844]}",-9.149558682872012,-14.384830839933532,0.61568445,0.23696831
20200126_202,"{""geodesic"":false,""type"":""Point"",""coordinates"":[79.37064692838032,10.820207597219637]}",-8.60410503040088,-14.199195965186297,0.642783,0.22597773
20200126_203,"{""geodesic"":false,""type"":""Point"",""coordinates"":[79.37963008122152,10.820207597219637]}",-9.035854162715308,-14.11974109064614,0.5310102,0.22597773
20200126_204,"{""geodesic"":false,""type"":""Point"",""coordinates"":[79.38861323406272,10.820207597219637]}",-8.967675588444155,-13.989854103776956,0.43012664,0.22597773
20200126_205,"{""geodesic"":false,""type"":""Point"",""coordinates"":[79.39759638690391,10.820207597219637]}",-8.87217856249404,-13.76848607808202,0.35213795,0.22597773
20200126_206,"{""geodesic"":false,""type"":""Point"",""coordinates"":[79.40657953974511,10.820207597219637]}",-9.047015533292628,-14.256041779140585,0.5349483,0.22597773
20200126_207,"{""geodesic"":false,""type"":""Point"",""coordinates"":[79.4155626925863,10.820207597219637]}",-9.429630422343353,-14.524152000243172,0.52679384,0.22597773
20200126_208,"{""geodesic"":false,""type"":""Point"",""coordinates"":[79.4245458454275,10.820207597219637]}",-9.788820608477426,-14.451505940226433,0.4709942,0.22597773
20200126_209,"{""geodesic"":false,""type"":""Point"",""coordinates"":[79.4335289982687,10.820207597219637]}",-8.967299049831926,-14.15000001628833,0.37287262,0.22597773
20200126_210,"{""geodesic"":false,""type"":""Point"",""coordinates"":[79.44251215110988,10.820207597219637]}",-9.146966464135652,-13.48509454872434,0.35032788,0.22605728
20200126_211,"{""geodesic"":false,""type"":""Point"",""coordinates"":[79.45149530395108,10.820207597219637]}",-7.522524143653211,-13.845605769936151,0.64361143,0.22605728
20200126_212,"{""geodesic"":false,""type"":""Point"",""coordinates"":[79.46047845679227,10.820207597219637]}",-8.987828163803659,-14.041204608253455,0.3865306,0.22605728
20200126_213,"{""geodesic"":false,""type"":""Point"",""coordinates"":[79.46946160963347,10.820207597219637]}",-9.25320421554713,-14.204506889382172,0.5640986,0.22605728
20200126_214,"{""geodesic"":false,""type"":""Point"",""coordinates"":[79.47844476247467,10.820207597219637]}",-8.645287791378193,-13.786247445609344,0.576973,0.22605728
20200126_215,"{""geodesic"":false,""type"":""Point"",""coordinates"":[79.48742791531586,10.820207597219637]}",-9.04624470972198,-14.211477348027849,0.4889687,0.22605728
20200126_216,"{""geodesic"":false,""type"":""Point"",""coordinates"":[79.49641106815706,10.820207597219637]}",-9.36308986150429,-14.454067443789375,0.28915662,0.22605728
20200126_217,"{""geodesic"":false,""type"":""Point"",""coordinates"":[79.50539422099826,10.820207597219637]}",-8.779078293388347,-14.03955319376406,0.61897635,0.22605728
20200126_218,"{""geodesic"":false,""type"":""Point"",""coordinates"":[79.51437737383945,10.820207597219637]}",-8.50410785048855,-14.29729877568932,0.42009085,0.22605728
20200126_219,"{""geodesic"":false,""type"":""Point"",""coordinates"":[79.52336052668065,10.820207597219637]}",-7.891011733393189,-13.896479608510736,0.51117647,0.23696831
20200126_220,"{""geodesic"":false,""type"":""Point"",""coordinates"":[79.53234367952184,10.820207597219637]}",-9.03543953426766,-13.904536152084964,0.2211385,0.23696831
20200126_221,"{""geodesic"":false,""type"":""Point"",""coordinates"":[79.37064692838032,10.829190750060832]}",-8.647609701333133,-13.910810534155654,0.36065888,0.22597773
20200126_222,"{""geodesic"":false,""type"":""Point"",""coordinates"":[79.37963008122152,10.829190750060832]}",-9.1635933917011,-14.03529096813228,0.337356,0.22597773
20200126_223,"{""geodesic"":false,""type"":""Point"",""coordinates"":[79.38861323406272,10.829190750060832]}",-9.042435467958418,-14.201427252244736,0.57970256,0.22597773
20200126_224,"{""geodesic"":false,""type"":""Point"",""coordinates"":[79.39759638690391,10.829190750060832]}",-9.338676323755546,-14.220045649493294,0.558939,0.22597773
20200126_225,"{""geodesic"":false,""type"":""Point"",""coordinates"":[79.40657953974511,10.829190750060832]}",-7.035314853879965,-13.823436997335538,0.55610585,0.22597773
20200126_226,"{""geodesic"":false,""type"":""Point"",""coordinates"":[79.4155626925863,10.829190750060832]}",-9.193473497743096,-13.997352349426302,0.5124682,0.22597773
20200126_227,"{""geodesic"":false,""type"":""Point"",""coordinates"":[79.4245458454275,10.829190750060832]}",-9.132692199727176,-14.139288604018567,0.55186814,0.22597773
20200126_228,"{""geodesic"":false,""type"":""Point"",""coordinates"":[79.4335289982687,10.829190750060832]}",-8.640096418251131,-13.97932212211935,0.37553275,0.22597773
20200126_229,"{""geodesic"":false,""type"":""Point"",""coordinates"":[79.44251215110988,10.829190750060832]}",-8.766866979516157,-13.890458089260854,0.56003004,0.22605728
20200126_230,"{""geodesic"":false,""type"":""Point"",""coordinates"":[79.45149530395108,10.829190750060832]}",-7.237014620582153,-14.533574283239046,0.6510773,0.22605728
20200126_231,"{""geodesic"":false,""type"":""Point"",""coordinates"":[79.46047845679227,10.829190750060832]}",-9.160380680074818,-13.417267379265471,0.4898263,0.22605728
20200126_232,"{""geodesic"":false,""type"":""Point"",""coordinates"":[79.46946160963347,10.829190750060832]}",-8.878238853197972,-13.872312053868246,0.48762012,0.22605728
20200126_233,"{""geodesic"":false,""type"":""Point"",""coordinates"":[79.47844476247467,10.829190750060832]}",-9.632883692109823,-14.623563849628168,0.59775406,0.22605728
20200126_234,"{""geodesic"":false,""type"":""Point"",""coordinates"":[79.48742791531586,10.829190750060832]}",-8.798808825077145,-14.56541811448009,0.6560304,0.22605728
20200126_235,"{""geodesic"":false,""type"":""Point"",""coordinates"":[79.49641106815706,10.829190750060832]}",-8.40492325338906,-13.76723058413056,0.45519835,0.22605728
20200126_236,"{""geodesic"":false,""type"":""Point"",""coordinates"":[79.50539422099826,10.829190750060832]}",-8.839882305826428,-14.239262903012172,0.66927683,0.22605728
20200126_237,"{""geodesic"":false,""type"":""Point"",""coordinates"":[79.51437737383945,10.829190750060832]}",-8.108297921585603,-14.577668407574528,0.6012394,0.22605728
20200126_238,"{""geodesic"":false,""type"":""Point"",""coordinates"":[79.52336052668065,10.829190750060832]}",-8.247892640521323,-14.351994233948544,0.49811867,0.23696831
20200126_239,"{""geodesic"":false,""type"":""Point"",""coordinates"":[79.37963008122152,10.838173902902028]}",-9.073363041652597,-14.32505112393059,0.59439677,0.22597773
20200126_240,"{""geodesic"":false,""type"":""Point"",""coordinates"":[79.38861323406272,10.838173902902028]}",-8.996851782094069,-14.338286297114246,0.57332915,0.22597773
20200126_241,"{""geodesic"":false,""type"":""Point"",""coordinates"":[79.40657953974511,10.838173902902028]}",-9.057128399730573,-14.018849444452073,0.5335582,0.22597773
20200126_242,"{""geodesic"":false,""type"":""Point"",""coordinates"":[79.4155626925863,10.838173902902028]}",-9.55310079714096,-14.65871374298158,0.494029,0.22597773
20200126_243,"{""geodesic"":false,""type"":""Point"",""coordinates"":[79.4335289982687,10.838173902902028]}",-8.924402350313809,-13.68552999667939,0.46553615,0.22597773
20200126_244,"{""geodesic"":false,""type"":""Point"",""coordinates"":[79.44251215110988,10.838173902902028]}",-8.313604019518554,-14.302283202123636,0.6421233,0.22605728
20200126_245,"{""geodesic"":false,""type"":""Point"",""coordinates"":[79.45149530395108,10.838173902902028]}",-9.036475142849694,-14.208336485741915,0.4525127,0.22605728
20200126_246,"{""geodesic"":false,""type"":""Point"",""coordinates"":[79.46047845679227,10.838173902902028]}",-8.943428057839721,-13.805807657557285,0.44378054,0.22605728
20200126_247,"{""geodesic"":false,""type"":""Point"",""coordinates"":[79.46946160963347,10.838173902902028]}",-8.929977538424659,-14.320534445047722,0.5415086,0.22605728
20200126_248,"{""geodesic"":false,""type"":""Point"",""coordinates"":[79.47844476247467,10.838173902902028]}",-8.874075209032403,-13.706336764321128,0.33633927,0.22605728
20200126_249,"{""geodesic"":false,""type"":""Point"",""coordinates"":[79.48742791531586,10.838173902902028]}",-8.984150717827747,-14.06096933147582,0.58208615,0.22605728
20200126_250,"{""geodesic"":false,""type"":""Point"",""coordinates"":[79.49641106815706,10.838173902902028]}",-7.301364391400233,-14.554400754839396,0.61660564,0.22605728
20200126_251,"{""geodesic"":false,""type"":""Point"",""coordinates"":[79.50539422099826,10.838173902902028]}",-8.91188995054542,-14.447795590406468,0.50771445,0.22605728
20200126_252,"{""geodesic"":false,""type"":""Point"",""coordinates"":[79.51437737383945,10.838173902902028]}",-8.064164497248651,-14.152584136609638,0.5890058,0.22605728
20200126_253,"{""geodesic"":false,""type"":""Point"",""coordinates"":[79.52336052668065,10.838173902902028]}",-8.3859331692478,-13.564875422197026,0.56213725,0.23696831
20200126_254,"{""geodesic"":false,""type"":""Point"",""coordinates"":[79.38861323406272,10.847157055743223]}",-7.964570606289612,-14.083869396436064,0.39272895,0.22597773
20200126_255,"{""geodesic"":false,""type"":""Point"",""coordinates"":[79.39759638690391,10.847157055743223]}",-9.119397712076095,-14.574186397793564,0.29769084,0.22597773
20200126_256,"{""geodesic"":false,""type"":""Point"",""coordinates"":[79.40657953974511,10.847157055743223]}",-8.221239346458676,-14.030485714246142,0.55448765,0.22597773
20200126_257,"{""geodesic"":false,""type"":""Point"",""coordinates"":[79.4155626925863,10.847157055743223]}",-9.103183583669663,-14.81965609763835,0.6893004,0.22597773
20200126_258,"{""geodesic"":false,""type"":""Point"",""coordinates"":[79.4245458454275,10.847157055743223]}",-9.515755618822912,-15.149979568617676,0.5639427,0.22597773
20200126_259,"{""geodesic"":false,""type"":""Point"",""coordinates"":[79.4335289982687,10.847157055743223]}",-8.140687949307143,-14.499285719695576,0.5689897,0.22597773
20200126_260,"{""geodesic"":false,""type"":""Point"",""coordinates"":[79.44251215110988,10.847157055743223]}",-9.407356431978757,-14.387180920639477,0.5053692,0.22605728
20200126_261,"{""geodesic"":false,""type"":""Point"",""coordinates"":[79.45149530395108,10.847157055743223]}",-9.364684060895325,-14.692828887872594,0.25451502,0.22605728
20200126_262,"{""geodesic"":false,""type"":""Point"",""coordinates"":[79.46047845679227,10.847157055743223]}",-9.091126633240767,-14.339686610175518,0.34007043,0.22605728
20200126_263,"{""geodesic"":false,""type"":""Point"",""coordinates"":[79.46946160963347,10.847157055743223]}",-10.097316160291482,-14.935399345757446,0.632134,0.22605728
20200126_264,"{""geodesic"":false,""type"":""Point"",""coordinates"":[79.47844476247467,10.847157055743223]}",-8.13361771244135,-13.842289436363911,0.47472948,0.22605728
20200126_265,"{""geodesic"":false,""type"":""Point"",""coordinates"":[79.48742791531586,10.847157055743223]}",-7.309495162047122,-14.9069572030899,0.5192909,0.22605728
20200126_266,"{""geodesic"":false,""type"":""Point"",""coordinates"":[79.49641106815706,10.847157055743223]}",-8.157643586796974,-13.879517417780187,0.48913407,0.22605728
20200126_267,"{""geodesic"":false,""type"":""Point"",""coordinates"":[79.50539422099826,10.847157055743223]}",-8.4150730734093,-14.387848733680343,0.37928072,0.22605728
20200126_268,"{""geodesic"":false,""type"":""Point"",""coordinates"":[79.51437737383945,10.847157055743223]}",-8.207841216984727,-13.9228906745498,0.4261954,0.22605728
20200126_269,"{""geodesic"":false,""type"":""Point"",""coordinates"":[79.39759638690391,10.856140208584417]}",-8.533109692453731,-13.703350884585038,0.33936462,0.22597773
20200126_270,"{""geodesic"":false,""type"":""Point"",""coordinates"":[79.40657953974511,10.856140208584417]}",-9.025774367600356,-14.080948624620271,0.5098275,0.22597773
20200126_271,"{""geodesic"":false,""type"":""Point"",""coordinates"":[79.4155626925863,10.856140208584417]}",-10.090621117126435,-15.53824855547185,0.6479764,0.22597773
20200126_272,"{""geodesic"":false,""type"":""Point"",""coordinates"":[79.4245458454275,10.856140208584417]}",-7.732019465823528,-14.14734427970796,0.66784453,0.22597773
20200126_273,"{""geodesic"":false,""type"":""Point"",""coordinates"":[79.4335289982687,10.856140208584417]}",-9.66805372515081,-14.208174045011026,0.5964802,0.22597773
20200126_274,"{""geodesic"":false,""type"":""Point"",""coordinates"":[79.44251215110988,10.856140208584417]}",-8.66138184511743,-14.044988492906452,0.6417679,0.22605728
20200126_275,"{""geodesic"":false,""type"":""Point"",""coordinates"":[79.45149530395108,10.856140208584417]}",-9.1225009239402,-14.391278724939642,0.51586926,0.22605728
20200126_276,"{""geodesic"":false,""type"":""Point"",""coordinates"":[79.46047845679227,10.856140208584417]}",-7.981978180079033,-14.262389191224116,0.5529075,0.22605728
20200126_277,"{""geodesic"":false,""type"":""Point"",""coordinates"":[79.47844476247467,10.856140208584417]}",-5.05152297708861,-13.95643141508006,0.60556996,0.22605728
20200126_278,"{""geodesic"":false,""type"":""Point"",""coordinates"":[79.48742791531586,10.856140208584417]}",-5.3462828072444,-14.372758051843972,0.5032258,0.22605728
20200126_279,"{""geodesic"":false,""type"":""Point"",""coordinates"":[79.49641106815706,10.856140208584417]}",-9.21719287996907,-14.42058921262002,0.26734084,0.22605728
20200126_280,"{""geodesic"":false,""type"":""Point"",""coordinates"":[79.50539422099826,10.856140208584417]}",-7.940790291493735,-14.601941701567682,0.68352365,0.22605728
20200126_281,"{""geodesic"":false,""type"":""Point"",""coordinates"":[79.40657953974511,10.865123361425614]}",-8.949104455630415,-14.150758976336247,0.57445425,0.22597773
20200126_282,"{""geodesic"":false,""type"":""Point"",""coordinates"":[79.4155626925863,10.865123361425614]}",-8.58573200490078,-14.5929891488786,0.6942922,0.22597773
20200126_283,"{""geodesic"":false,""type"":""Point"",""coordinates"":[79.4245458454275,10.865123361425614]}",-8.535771012296433,-14.287615389329629,0.8022948,0.22597773
20200126_284,"{""geodesic"":false,""type"":""Point"",""coordinates"":[79.4335289982687,10.865123361425614]}",-9.754040196788274,-14.534945239693045,0.73364484,0.22597773
20200126_285,"{""geodesic"":false,""type"":""Point"",""coordinates"":[79.44251215110988,10.865123361425614]}",-8.667556683833913,-14.268033898793837,0.498342,0.22605728
20200126_286,"{""geodesic"":false,""type"":""Point"",""coordinates"":[79.45149530395108,10.865123361425614]}",-8.945816013452554,-14.217794951039163,0.6649421,0.22605728
20200126_287,"{""geodesic"":false,""type"":""Point"",""coordinates"":[79.46047845679227,10.865123361425614]}",-7.926583631774519,-14.73277865833074,0.5894988,0.22605728
20200126_288,"{""geodesic"":false,""type"":""Point"",""coordinates"":[79.46946160963347,10.865123361425614]}",-8.607301407940763,-14.595917052617596,0.5864571,0.22605728
20200126_289,"{""geodesic"":false,""type"":""Point"",""coordinates"":[79.47844476247467,10.865123361425614]}",-6.893601935148722,-14.146774233517627,0.6131687,0.22605728
20200126_290,"{""geodesic"":false,""type"":""Point"",""coordinates"":[79.48742791531586,10.865123361425614]}",-7.362124347814429,-13.599806032602888,0.5672334,0.22605728
20200126_291,"{""geodesic"":false,""type"":""Point"",""coordinates"":[79.49641106815706,10.865123361425614]}",-8.872437623824226,-14.093875866941634,0.3384661,0.22605728
20200126_292,"{""geodesic"":false,""type"":""Point"",""coordinates"":[79.4245458454275,10.874106514266808]}",-9.809760101451426,-14.81462873581058,0.69872296,0.22597773
20200126_293,"{""geodesic"":false,""type"":""Point"",""coordinates"":[79.4335289982687,10.874106514266808]}",-7.985313848451629,-14.602416004736035,0.6032258,0.22597773
20200126_294,"{""geodesic"":false,""type"":""Point"",""coordinates"":[79.44251215110988,10.874106514266808]}",-8.12315213961318,-14.04826732318271,0.6026889,0.22605728
20200126_295,"{""geodesic"":false,""type"":""Point"",""coordinates"":[79.45149530395108,10.874106514266808]}",-6.958534379552262,-14.40009772973603,0.29750615,0.22605728
20200126_296,"{""geodesic"":false,""type"":""Point"",""coordinates"":[79.46946160963347,10.874106514266808]}",-8.440351243364088,-14.731242342901124,0.52406067,0.22605728
20200126_297,"{""geodesic"":false,""type"":""Point"",""coordinates"":[79.47844476247467,10.874106514266808]}",-9.679353035712625,-14.698731340666376,0.44376707,0.22605728
20200525_0,"{""geodesic"":false,""type"":""Point"",""coordinates"":[79.37064692838032,10.766308680172466]}",-11.050978488415934,-16.41655158782136,0.48561242,0.21172528
20200525_1,"{""geodesic"":false,""type"":""Point"",""coordinates"":[79.37963008122152,10.766308680172466]}",-9.481596972946033,-16.737637921892315,0.5155,0.21172528
20200525_2,"{""geodesic"":false,""type"":""Point"",""coordinates"":[79.39759638690391,10.766308680172466]}",-10.863044142937603,-15.992984669419126,0.58691734,0.21172528
20200525_3,"{""geodesic"":false,""type"":""Point"",""coordinates"":[79.40657953974511,10.766308680172466]}",-11.61622234777534,-17.35214174281139,0.45002487,0.21172528
20200525_4,"{""geodesic"":false,""type"":""Point"",""coordinates"":[79.4155626925863,10.766308680172466]}",-9.57304502794585,-15.479673462632558,0.4172063,0.21172528
20200525_5,"{""geodesic"":false,""type"":""Point"",""coordinates"":[79.4245458454275,10.766308680172466]}",-9.953569817425048,-15.574906856776304,0.6026059,0.21172528
20200525_6,"{""geodesic"":false,""type"":""Point"",""coordinates"":[79.4335289982687,10.766308680172466]}",-9.459465236050464,-15.854467776001515,0.668548,0.21172528
20200525_7,"{""geodesic"":false,""type"":""Point"",""coordinates"":[79.45149530395108,10.766308680172466]}",-10.261117729466475,-17.155254830875705,0.5584482,0.25004002
20200525_8,"{""geodesic"":false,""type"":""Point"",""coordinates"":[79.46047845679227,10.766308680172466]}",-8.908294339886181,-16.00861114643227,0.35370052,0.25004002
20200525_9,"{""geodesic"":false,""type"":""Point"",""coordinates"":[79.46946160963347,10.766308680172466]}",-8.910957152213717,-15.811192205775196,0.56342524,0.25004002
20200525_10,"{""geodesic"":false,""type"":""Point"",""coordinates"":[79.48742791531586,10.766308680172466]}",-9.3702848857637,-15.88285537450065,0.5135975,0.25004002
20200525_11,"{""geodesic"":false,""type"":""Point"",""coordinates"":[79.49641106815706,10.766308680172466]}",-8.848039980406805,-15.629205161928596,0.5612522,0.25004002
20200525_12,"{""geodesic"":false,""type"":""Point"",""coordinates"":[79.50539422099826,10.766308680172466]}",-9.795572723202712,-17.199007690339386,0.28794643,0.25004002
20200525_13,"{""geodesic"":false,""type"":""Point"",""coordinates"":[79.51437737383945,10.766308680172466]}",-8.93186316568703,-16.531425439771837,0.3776301,0.25004002
20200525_14,"{""geodesic"":false,""type"":""Point"",""coordinates"":[79.52336052668065,10.766308680172466]}",-10.022358800451936,-17.444323520769373,0.4379545,0.23947369
20200525_15,"{""geodesic"":false,""type"":""Point"",""coordinates"":[79.53234367952184,10.766308680172466]}",-7.815238184564532,-15.594037364417089,0.6711928,0.23947369
20200525_16,"{""geodesic"":false,""type"":""Point"",""coordinates"":[79.36166377553913,10.775291833013661]}",-10.092702458221702,-17.295973965331804,0.45783973,0.21172528
20200525_17,"{""geodesic"":false,""type"":""Point"",""coordinates"":[79.37064692838032,10.775291833013661]}",-10.331235121706978,-17.35076490900434,0.42429996,0.21172528
20200525_18,"{""geodesic"":false,""type"":""Point"",""coordinates"":[79.37963008122152,10.775291833013661]}",-9.90463685158048,-16.30447193667488,0.48212513,0.21172528
20200525_19,"{""geodesic"":false,""type"":""Point"",""coordinates"":[79.38861323406272,10.775291833013661]}",-10.869940078675931,-17.434563791708285,0.27522123,0.21172528
20200525_20,"{""geodesic"":false,""type"":""Point"",""coordinates"":[79.39759638690391,10.775291833013661]}",-10.78194585014962,-15.672500643707847,0.61241484,0.21172528
20200525_21,"{""geodesic"":false,""type"":""Point"",""coordinates"":[79.40657953974511,10.775291833013661]}",-9.890338880526398,-16.052238421702494,0.50841075,0.21172528
20200525_22,"{""geodesic"":false,""type"":""Point"",""coordinates"":[79.4155626925863,10.775291833013661]}",-8.130499460172478,-15.471235498011966,0.40539274,0.21172528
20200525_23,"{""geodesic"":false,""type"":""Point"",""coordinates"":[79.4245458454275,10.775291833013661]}",-8.936459997116339,-14.789742628296228,0.5356643,0.21172528
20200525_24,"{""geodesic"":false,""type"":""Point"",""coordinates"":[79.4335289982687,10.775291833013661]}",-10.23432588253965,-16.29958338248833,0.61542267,0.21172528
20200525_25,"{""geodesic"":false,""type"":""Point"",""coordinates"":[79.44251215110988,10.775291833013661]}",-10.73181241537956,-18.258474814763147,0.216416,0.25004002
20200525_26,"{""geodesic"":false,""type"":""Point"",""coordinates"":[79.45149530395108,10.775291833013661]}",-10.8417221983499,-17.576945852807363,0.3331677,0.25004002
20200525_27,"{""geodesic"":false,""type"":""Point"",""coordinates"":[79.46047845679227,10.775291833013661]}",-9.188297283265504,-15.88482882111184,0.42038217,0.25004002
20200525_28,"{""geodesic"":false,""type"":""Point"",""coordinates"":[79.47844476247467,10.775291833013661]}",-9.657705911300264,-14.922491360933668,0.35445026,0.25004002
20200525_29,"{""geodesic"":false,""type"":""Point"",""coordinates"":[79.48742791531586,10.775291833013661]}",-8.48243449536641,-14.273993702543756,0.50858366,0.25004002
20200525_30,"{""geodesic"":false,""type"":""Point"",""coordinates"":[79.49641106815706,10.775291833013661]}",-9.099668861598271,-16.671949496732584,0.47198433,0.25004002
20200525_31,"{""geodesic"":false,""type"":""Point"",""coordinates"":[79.50539422099826,10.775291833013661]}",-8.840489264456583,-16.113163870863918,0.52048254,0.25004002
20200525_32,"{""geodesic"":false,""type"":""Point"",""coordinates"":[79.51437737383945,10.775291833013661]}",-7.942468657344174,-16.03270090892744,0.5145145,0.25004002
20200525_33,"{""geodesic"":false,""type"":""Point"",""coordinates"":[79.52336052668065,10.775291833013661]}",-8.059634556003274,-17.11324775983603,0.33944955,0.23947369
20200525_34,"{""geodesic"":false,""type"":""Point"",""coordinates"":[79.53234367952184,10.775291833013661]}",-8.044245232808882,-16.559528567249263,0.4218586,0.23947369
20200525_35,"{""geodesic"":false,""type"":""Point"",""coordinates"":[79.36166377553913,10.784274985854855]}",-10.254442426312051,-15.6776243411978,0.6073998,0.21172528
20200525_36,"{""geodesic"":false,""type"":""Point"",""coordinates"":[79.37064692838032,10.784274985854855]}",-11.17363122245408,-16.42439582092681,0.59669584,0.21172528
20200525_37,"{""geodesic"":false,""type"":""Point"",""coordinates"":[79.37963008122152,10.784274985854855]}",-11.099829695563503,-16.58025446089198,0.51296294,0.21172528
20200525_38,"{""geodesic"":false,""type"":""Point"",""coordinates"":[79.38861323406272,10.784274985854855]}",-10.803339233886335,-16.22243995421805,0.69107723,0.21172528
20200525_39,"{""geodesic"":false,""type"":""Point"",""coordinates"":[79.39759638690391,10.784274985854855]}",-8.478222633075884,-14.926329649521165,0.59842134,0.21172528
20200525_40,"{""geodesic"":false,""type"":""Point"",""coordinates"":[79.40657953974511,10.784274985854855]}",-8.876365368836792,-15.195855534557994,0.52682924,0.21172528
20200525_41,"{""geodesic"":false,""type"":""Point"",""coordinates"":[79.4155626925863,10.784274985854855]}",-10.641553699341458,-15.866703975184803,0.5686468,0.21172528
20200525_42,"{""geodesic"":false,""type"":""Point"",""coordinates"":[79.4245458454275,10.784274985854855]}",-11.00876051114194,-15.773947928132266,0.72034323,0.21172528
20200525_43,"{""geodesic"":false,""type"":""Point"",""coordinates"":[79.4335289982687,10.784274985854855]}",-9.107526517790504,-16.457072129715318,0.63345456,0.21172528
20200525_44,"{""geodesic"":false,""type"":""Point"",""coordinates"":[79.44251215110988,10.784274985854855]}",-10.46263407111977,-18.181703750773345,0.59097457,0.25004002
20200525_45,"{""geodesic"":false,""type"":""Point"",""coordinates"":[79.45149530395108,10.784274985854855]}",-9.976021102771472,-17.691926062080075,0.6156726,0.25004002
20200525_46,"{""geodesic"":false,""type"":""Point"",""coordinates"":[79.46047845679227,10.784274985854855]}",-9.809693205344423,-16.519623255209904,0.4059098,0.25004002
20200525_47,"{""geodesic"":false,""type"":""Point"",""coordinates"":[79.46946160963347,10.784274985854855]}",-10.306727064672824,-17.62834368251945,0.46546093,0.25004002
20200525_48,"{""geodesic"":false,""type"":""Point"",""coordinates"":[79.47844476247467,10.784274985854855]}",-9.150085985956412,-15.329125790776226,0.5211059,0.25004002
20200525_49,"{""geodesic"":false,""type"":""Point"",""coordinates"":[79.48742791531586,10.784274985854855]}",-6.844750354588921,-15.420663055109124,0.32999316,0.25004002
20200525_50,"{""geodesic"":false,""type"":""Point"",""coordinates"":[79.49641106815706,10.784274985854855]}",-8.407026837722833,-15.36344935176468,0.4590005,0.25004002
20200525_51,"{""geodesic"":false,""type"":""Point"",""coordinates"":[79.51437737383945,10.784274985854855]}",-9.297706756127983,-17.237669084414165,0.5405656,0.25004002
20200525_52,"{""geodesic"":false,""type"":""Point"",""coordinates"":[79.52336052668065,10.784274985854855]}",-9.00949324620584,-17.02934368912166,0.4718032,0.23947369
20200525_53,"{""geodesic"":false,""type"":""Point"",""coordinates"":[79.53234367952184,10.784274985854855]}",-7.167440029099469,-15.507692137989231,0.6227709,0.23947369
20200525_54,"{""geodesic"":false,""type"":""Point"",""coordinates"":[79.36166377553913,10.793258138696052]}",-11.005511398787934,-16.90351536909341,0.6642804,0.21172528
20200525_55,"{""geodesic"":false,""type"":""Point"",""coordinates"":[79.37064692838032,10.793258138696052]}",-10.469788856931125,-16.422054549579663,0.6172296,0.21172528
20200525_56,"{""geodesic"":false,""type"":""Point"",""coordinates"":[79.37963008122152,10.793258138696052]}",-12.016259518389273,-17.172941482410682,0.5297338,0.21172528
20200525_57,"{""geodesic"":false,""type"":""Point"",""coordinates"":[79.38861323406272,10.793258138696052]}",-10.315822132649528,-16.098651759045396,0.57174176,0.21172528
20200525_58,"{""geodesic"":false,""type"":""Point"",""coordinates"":[79.39759638690391,10.793258138696052]}",-10.075099397638386,-17.125956101171823,0.34700176,0.21172528
20200525_59,"{""geodesic"":false,""type"":""Point"",""coordinates"":[79.40657953974511,10.793258138696052]}",-10.579747590348468,-16.031780463932186,0.73811305,0.21172528
20200525_60,"{""geodesic"":false,""type"":""Point"",""coordinates"":[79.4245458454275,10.793258138696052]}",-9.919609979592462,-15.764989180390144,0.60062,0.21172528
20200525_61,"{""geodesic"":false,""type"":""Point"",""coordinates"":[79.4335289982687,10.793258138696052]}",-9.468100453772765,-16.25382455659337,0.58157766,0.21172528
20200525_62,"{""geodesic"":false,""type"":""Point"",""coordinates"":[79.44251215110988,10.793258138696052]}",-9.099552358033105,-16.249445242418684,0.55333,0.25004002
20200525_63,"{""geodesic"":false,""type"":""Point"",""coordinates"":[79.45149530395108,10.793258138696052]}",-7.955788026825578,-15.519566394208388,0.65172416,0.25004002
20200525_64,"{""geodesic"":false,""type"":""Point"",""coordinates"":[79.46047845679227,10.793258138696052]}",-9.394683883752752,-17.354530257048776,0.53744376,0.25004002
20200525_65,"{""geodesic"":false,""type"":""Point"",""coordinates"":[79.46946160963347,10.793258138696052]}",-9.250142355549343,-16.033905211727294,0.49752966,0.25004002
20200525_66,"{""geodesic"":false,""type"":""Point"",""coordinates"":[79.47844476247467,10.793258138696052]}",-11.332073425271378,-18.830317875022335,0.35179785,0.25004002
20200525_67,"{""geodesic"":false,""type"":""Point"",""coordinates"":[79.48742791531586,10.793258138696052]}",-10.303905501722648,-18.019414473021797,0.4291897,0.25004002
20200525_68,"{""geodesic"":false,""type"":""Point"",""coordinates"":[79.49641106815706,10.793258138696052]}",-8.128498274161561,-15.382256221798295,0.44249514,0.25004002
20200525_69,"{""geodesic"":false,""type"":""Point"",""coordinates"":[79.50539422099826,10.793258138696052]}",-7.932524764461965,-14.539167911820446,0.513168,0.25004002
20200525_70,"{""geodesic"":false,""type"":""Point"",""coordinates"":[79.51437737383945,10.793258138696052]}",-7.836188068951353,-15.263666474865914,0.50669974,0.25004002
20200525_71,"{""geodesic"":false,""type"":""Point"",""coordinates"":[79.52336052668065,10.793258138696052]}",-8.328602937548013,-15.729837152088752,0.55306494,0.23947369
20200525_72,"{""geodesic"":false,""type"":""Point"",""coordinates"":[79.53234367952184,10.793258138696052]}",-8.453858643789516,-16.824215574204967,0.5419917,0.23947369
20200525_73,"{""geodesic"":false,""type"":""Point"",""coordinates"":[79.36166377553913,10.802241291537246]}",-10.808544465451808,-18.350977925877668,0.39602247,0.21172528
20200525_74,"{""geodesic"":false,""type"":""Point"",""coordinates"":[79.37064692838032,10.802241291537246]}",-11.253306371075002,-17.98922166848042,0.40393755,0.21172528
20200525_75,"{""geodesic"":false,""type"":""Point"",""coordinates"":[79.37963008122152,10.802241291537246]}",-9.63387902481739,-17.39782876706777,0.32132834,0.21172528
20200525_76,"{""geodesic"":false,""type"":""Point"",""coordinates"":[79.38861323406272,10.802241291537246]}",-10.176888237821052,-17.86879095621717,0.4464414,0.21172528
20200525_77,"{""geodesic"":false,""type"":""Point"",""coordinates"":[79.39759638690391,10.802241291537246]}",-10.38998521813836,-17.34965874675182,0.44822216,0.21172528
20200525_78,"{""geodesic"":false,""type"":""Point"",""coordinates"":[79.40657953974511,10.802241291537246]}",-9.822370752590814,-16.955635084508756,0.5146199,0.21172528
20200525_79,"{""geodesic"":false,""type"":""Point"",""coordinates"":[79.4155626925863,10.802241291537246]}",-9.56547187452674,-16.586670749303618,0.5192508,0.21172528
20200525_80,"{""geodesic"":false,""type"":""Point"",""coordinates"":[79.4245458454275,10.802241291537246]}",-8.802001529294895,-16.34627100124166,0.5304606,0.21172528
20200525_81,"{""geodesic"":false,""type"":""Point"",""coordinates"":[79.4335289982687,10.802241291537246]}",-9.958063938013018,-17.047577639323052,0.4265558,0.21172528
20200525_82,"{""geodesic"":false,""type"":""Point"",""coordinates"":[79.44251215110988,10.802241291537246]}",-10.53308310225034,-16.842652822641366,0.49018657,0.25004002
20200525_83,"{""geodesic"":false,""type"":""Point"",""coordinates"":[79.45149530395108,10.802241291537246]}",-9.567502686044552,-16.641181935448802,0.5042913,0.25004002
20200525_84,"{""geodesic"":false,""type"":""Point"",""coordinates"":[79.46047845679227,10.802241291537246]}",-9.5000642445644,-16.939811473090973,0.23350391,0.25004002
20200525_85,"{""geodesic"":false,""type"":""Point"",""coordinates"":[79.46946160963347,10.802241291537246]}",-9.387699305011164,-16.085201376025687,0.44977018,0.25004002
20200525_86,"{""geodesic"":false,""type"":""Point"",""coordinates"":[79.47844476247467,10.802241291537246]}",-9.086040494876816,-16.071937239350248,0.5535714,0.25004002
20200525_87,"{""geodesic"":false,""type"":""Point"",""coordinates"":[79.48742791531586,10.802241291537246]}",-9.904231057367904,-17.836455754092743,0.37414646,0.25004002
20200525_88,"{""geodesic"":false,""type"":""Point"",""coordinates"":[79.49641106815706,10.802241291537246]}",-7.706219786728189,-15.841566327239134,0.51997936,0.25004002
20200525_89,"{""geodesic"":false,""type"":""Point"",""coordinates"":[79.50539422099826,10.802241291537246]}",-7.428770553128569,-15.298952473025512,0.65141386,0.25004002
20200525_90,"{""geodesic"":false,""type"":""Point"",""coordinates"":[79.51437737383945,10.802241291537246]}",-7.284634070765854,-15.155254076054945,0.46948236,0.25004002
20200525_91,"{""geodesic"":false,""type"":""Point"",""coordinates"":[79.52336052668065,10.802241291537246]}",-7.047392043012229,-15.001997019993308,0.5842535,0.23947369
20200525_92,"{""geodesic"":false,""type"":""Point"",""coordinates"":[79.53234367952184,10.802241291537246]}",-9.65151220238446,-15.824364519116816,0.47743136,0.23947369
20200525_93,"{""geodesic"":false,""type"":""Point"",""coordinates"":[79.37064692838032,10.81122444437844]}",-9.931315534153187,-16.976674782346077,0.40009338,0.23611075
20200525_94,"{""geodesic"":false,""type"":""Point"",""coordinates"":[79.37963008122152,10.81122444437844]}",-9.697967462954772,-17.038618392954977,0.34386143,0.23611075
20200525_95,"{""geodesic"":false,""type"":""Point"",""coordinates"":[79.38861323406272,10.81122444437844]}",-9.931130172583575,-16.96825970809341,0.5624844,0.23611075
20200525_96,"{""geodesic"":false,""type"":""Point"",""coordinates"":[79.39759638690391,10.81122444437844]}",-10.362771377879614,-17.305556452361067,0.46855983,0.23611075
20200525_97,"{""geodesic"":false,""type"":""Point"",""coordinates"":[79.40657953974511,10.81122444437844]}",-9.55243844966422,-16.922639581199192,0.43822655,0.23611075
20200525_98,"{""geodesic"":false,""type"":""Point"",""coordinates"":[79.4155626925863,10.81122444437844]}",-10.970302877805988,-18.1837934523708,0.42026222,0.23611075
20200525_99,"{""geodesic"":false,""type"":""Point"",""coordinates"":[79.4245458454275,10.81122444437844]}",-8.92185548324697,-16.203069176892207,0.7037609,0.23611075
20200525_100,"{""geodesic"":false,""type"":""Point"",""coordinates"":[79.4335289982687,10.81122444437844]}",-9.010129017180006,-16.593189931716573,0.55779636,0.23611075
20200525_101,"{""geodesic"":false,""type"":""Point"",""coordinates"":[79.44251215110988,10.81122444437844]}",-9.627836493504724,-16.907029965120685,0.40792996,0.2701999
20200525_102,"{""geodesic"":false,""type"":""Point"",""coordinates"":[79.45149530395108,10.81122444437844]}",-8.39499609950365,-16.138925137668373,0.4327041,0.2701999
20200525_103,"{""geodesic"":false,""type"":""Point"",""coordinates"":[79.46047845679227,10.81122444437844]}",-9.534647505000745,-15.5422338670436,0.45778894,0.2701999
20200525_104,"{""geodesic"":false,""type"":""Point"",""coordinates"":[79.46946160963347,10.81122444437844]}",-7.878746070508969,-14.899775561845903,0.5432799,0.2701999
20200525_105,"{""geodesic"":false,""type"":""Point"",""coordinates"":[79.47844476247467,10.81122444437844]}",-9.257036623890135,-16.476942002066224,0.39836225,0.2701999
20200525_106,"{""geodesic"":false,""type"":""Point"",""coordinates"":[79.48742791531586,10.81122444437844]}",-9.558956265555876,-16.557784841077307,0.33708656,0.2701999
20200525_107,"{""geodesic"":false,""type"":""Point"",""coordinates"":[79.49641106815706,10.81122444437844]}",-9.1978477248776,-16.51589274851772,0.38033482,0.2701999
20200525_108,"{""geodesic"":false,""type"":""Point"",""coordinates"":[79.50539422099826,10.81122444437844]}",-8.151576866291178,-15.243887763753053,0.41505596,0.2701999
20200525_109,"{""geodesic"":false,""type"":""Point"",""coordinates"":[79.51437737383945,10.81122444437844]}",-6.765639047009139,-14.700876508318022,0.44549647,0.2701999
20200525_110,"{""geodesic"":false,""type"":""Point"",""coordinates"":[79.52336052668065,10.81122444437844]}",-7.481411604008375,-15.908913398903309,0.36617404,0.2658221
20200525_111,"{""geodesic"":false,""type"":""Point"",""coordinates"":[79.37064692838032,10.820207597219637]}",-10.215479467467262,-17.812661151370072,0.40944326,0.23611075
20200525_112,"{""geodesic"":false,""type"":""Point"",""coordinates"":[79.37963008122152,10.820207597219637]}",-8.94955614431893,-16.497740267853015,0.58121705,0.23611075
20200525_113,"{""geodesic"":false,""type"":""Point"",""coordinates"":[79.38861323406272,10.820207597219637]}",-9.02954055161502,-16.43419456352165,0.41156948,0.23611075
20200525_114,"{""geodesic"":false,""type"":""Point"",""coordinates"":[79.39759638690391,10.820207597219637]}",-9.890828889769647,-18.201294159942364,0.33090532,0.23611075
20200525_115,"{""geodesic"":false,""type"":""Point"",""coordinates"":[79.40657953974511,10.820207597219637]}",-10.289043789425977,-18.315090331778908,0.44480345,0.23611075
20200525_116,"{""geodesic"":false,""type"":""Point"",""coordinates"":[79.4155626925863,10.820207597219637]}",-9.324303120759923,-17.310048646608493,0.4006686,0.23611075
20200525_117,"{""geodesic"":false,""type"":""Point"",""coordinates"":[79.4245458454275,10.820207597219637]}",-8.486070424730395,-15.965603083699468,0.4861423,0.23611075
20200525_118,"{""geodesic"":false,""type"":""Point"",""coordinates"":[79.4335289982687,10.820207597219637]}",-9.796862339922807,-17.143821968810443,0.3816631,0.23611075
20200525_119,"{""geodesic"":false,""type"":""Point"",""coordinates"":[79.44251215110988,10.820207597219637]}",-8.18632085636842,-16.532465405957893,0.5610323,0.2701999
20200525_120,"{""geodesic"":false,""type"":""Point"",""coordinates"":[79.45149530395108,10.820207597219637]}",-8.54385408960181,-14.549800705236828,0.44981414,0.2701999
20200525_121,"{""geodesic"":false,""type"":""Point"",""coordinates"":[79.46047845679227,10.820207597219637]}",-10.505651239466316,-18.13585149272168,0.2723638,0.2701999
20200525_122,"{""geodesic"":false,""type"":""Point"",""coordinates"":[79.46946160963347,10.820207597219637]}",-9.029819523985632,-16.957156710118245,0.49125296,0.2701999
20200525_123,"{""geodesic"":false,""type"":""Point"",""coordinates"":[79.47844476247467,10.820207597219637]}",-9.901856876690395,-17.62160097327286,0.30783847,0.2701999
20200525_124,"{""geodesic"":false,""type"":""Point"",""coordinates"":[79.48742791531586,10.820207597219637]}",-9.342199201951315,-16.764817316813453,0.4086758,0.2701999
20200525_125,"{""geodesic"":false,""type"":""Point"",""coordinates"":[79.49641106815706,10.820207597219637]}",-7.7361151954292975,-16.09769318719237,0.5420385,0.2701999
20200525_126,"{""geodesic"":false,""type"":""Point"",""coordinates"":[79.50539422099826,10.820207597219637]}",-7.576162939844765,-15.320767927167164,0.5739645,0.2701999
20200525_127,"{""geodesic"":false,""type"":""Point"",""coordinates"":[79.51437737383945,10.820207597219637]}",-6.384333543033444,-14.264360354903044,0.49555206,0.2701999
20200525_128,"{""geodesic"":false,""type"":""Point"",""coordinates"":[79.52336052668065,10.820207597219637]}",-6.6774659675551,-13.47935986310601,0.80770075,0.2658221
20200525_129,"{""geodesic"":false,""type"":""Point"",""coordinates"":[79.53234367952184,10.820207597219637]}",-6.03965229852755,-14.52392137009064,0.7546317,0.2658221
20200525_130,"{""geodesic"":false,""type"":""Point"",""coordinates"":[79.37064692838032,10.829190750060832]}",-9.312167708070373,-16.995533252596733,0.39732143,0.23611075
20200525_131,"{""geodesic"":false,""type"":""Point"",""coordinates"":[79.37963008122152,10.829190750060832]}",-9.848005816887014,-18.31427569701415,0.48773843,0.23611075
20200525_132,"{""geodesic"":false,""type"":""Point"",""coordinates"":[79.38861323406272,10.829190750060832]}",-8.61693291880411,-15.936386553332063,0.552594,0.23611075
20200525_133,"{""geodesic"":false,""type"":""Point"",""coordinates"":[79.39759638690391,10.829190750060832]}",-9.49025074345526,-17.084640609835965,0.5357585,0.23611075
20200525_134,"{""geodesic"":false,""type"":""Point"",""coordinates"":[79.40657953974511,10.829190750060832]}",-8.11961870487337,-16.45656696723335,0.35399488,0.23611075
20200525_135,"{""geodesic"":false,""type"":""Point"",""coordinates"":[79.4155626925863,10.829190750060832]}",-9.8661881912349,-17.21597122128624,0.4093727,0.23611075
20200525_136,"{""geodesic"":false,""type"":""Point"",""coordinates"":[79.4245458454275,10.829190750060832]}",-8.838531446119607,-16.54125043745782,0.37296748,0.23611075
20200525_137,"{""geodesic"":false,""type"":""Point"",""coordinates"":[79.4335289982687,10.829190750060832]}",-7.38612424135738,-15.008010319866468,0.67201424,0.23611075
20200525_138,"{""geodesic"":false,""type"":""Point"",""coordinates"":[79.44251215110988,10.829190750060832]}",-8.749404024457899,-15.297933173884372,0.5513927,0.2701999
20200525_139,"{""geodesic"":false,""type"":""Point"",""coordinates"":[79.45149530395108,10.829190750060832]}",-8.379369928482209,-15.183022879219008,0.5770818,0.2701999
20200525_140,"{""geodesic"":false,""type"":""Point"",""coordinates"":[79.46047845679227,10.829190750060832]}",-10.67800359145252,-18.4150018639911,0.21681298,0.2701999
20200525_141,"{""geodesic"":false,""type"":""Point"",""coordinates"":[79.46946160963347,10.829190750060832]}",-9.634685688210054,-16.972022479529528,0.43664718,0.2701999
20200525_142,"{""geodesic"":false,""type"":""Point"",""coordinates"":[79.47844476247467,10.829190750060832]}",-9.231611972536452,-16.672071676376945,0.29666105,0.2701999
20200525_143,"{""geodesic"":false,""type"":""Point"",""coordinates"":[79.48742791531586,10.829190750060832]}",-7.747367589091521,-15.461683428895585,0.5261882,0.2701999
20200525_144,"{""geodesic"":false,""type"":""Point"",""coordinates"":[79.49641106815706,10.829190750060832]}",-9.61766009929147,-17.33059945982045,0.33495936,0.2701999
20200525_145,"{""geodesic"":false,""type"":""Point"",""coordinates"":[79.50539422099826,10.829190750060832]}",-9.203463051984029,-17.34881470200031,0.4577315,0.2701999
20200525_146,"{""geodesic"":false,""type"":""Point"",""coordinates"":[79.51437737383945,10.829190750060832]}",-7.219352447796461,-14.82506716992888,0.6126499,0.2701999
20200525_147,"{""geodesic"":false,""type"":""Point"",""coordinates"":[79.52336052668065,10.829190750060832]}",-6.021451127331263,-13.777863479631083,0.7694246,0.2658221
20200525_148,"{""geodesic"":false,""type"":""Point"",""coordinates"":[79.37963008122152,10.838173902902028]}",-9.55992017713374,-17.69521220564348,0.25603113,0.23611075
20200525_149,"{""geodesic"":false,""type"":""Point"",""coordinates"":[79.38861323406272,10.838173902902028]}",-9.04345301599024,-16.670460309183714,0.48933983,0.23611075
20200525_150,"{""geodesic"":false,""type"":""Point"",""coordinates"":[79.40657953974511,10.838173902902028]}",-9.252677319458538,-16.825039509019494,0.37791985,0.23611075
20200525_151,"{""geodesic"":false,""type"":""Point"",""coordinates"":[79.4155626925863,10.838173902902028]}",-8.42211531655209,-17.10764306235131,0.49579832,0.23611075
20200525_152,"{""geodesic"":false,""type"":""Point"",""coordinates"":[79.4335289982687,10.838173902902028]}",-8.925027300793646,-16.537589882812643,0.4293742,0.23611075
20200525_153,"{""geodesic"":false,""type"":""Point"",""coordinates"":[79.44251215110988,10.838173902902028]}",-9.237180217497134,-15.780402279590938,0.5088428,0.2701999
20200525_154,"{""geodesic"":false,""type"":""Point"",""coordinates"":[79.45149530395108,10.838173902902028]}",-8.812937239012665,-17.11331309426989,0.44039652,0.2701999
20200525_155,"{""geodesic"":false,""type"":""Point"",""coordinates"":[79.46047845679227,10.838173902902028]}",-8.688003773804756,-16.592249373189443,0.5429678,0.2701999
20200525_156,"{""geodesic"":false,""type"":""Point"",""coordinates"":[79.46946160963347,10.838173902902028]}",-8.475767180809125,-16.544695393713035,0.34502923,0.2701999
20200525_157,"{""geodesic"":false,""type"":""Point"",""coordinates"":[79.47844476247467,10.838173902902028]}",-9.824008582486549,-17.38881883777099,0.3895103,0.2701999
20200525_158,"{""geodesic"":false,""type"":""Point"",""coordinates"":[79.48742791531586,10.838173902902028]}",-8.336332976800428,-16.3739243942406,0.55308056,0.2701999
20200525_159,"{""geodesic"":false,""type"":""Point"",""coordinates"":[79.49641106815706,10.838173902902028]}",-7.542775029822142,-15.631669244664968,0.5482121,0.2701999
20200525_160,"{""geodesic"":false,""type"":""Point"",""coordinates"":[79.50539422099826,10.838173902902028]}",-8.171392521791805,-15.615762092871392,0.5929119,0.2701999
20200525_161,"{""geodesic"":false,""type"":""Point"",""coordinates"":[79.51437737383945,10.838173902902028]}",-6.453272259563631,-14.3006662399147,0.72699165,0.2701999
20200525_162,"{""geodesic"":false,""type"":""Point"",""coordinates"":[79.52336052668065,10.838173902902028]}",-5.938771475226369,-13.863504854809763,0.7596372,0.2658221
20200525_163,"{""geodesic"":false,""type"":""Point"",""coordinates"":[79.38861323406272,10.847157055743223]}",-8.279517166902329,-15.67318610267746,0.4071109,0.23611075
20200525_164,"{""geodesic"":false,""type"":""Point"",""coordinates"":[79.39759638690391,10.847157055743223]}",-7.94671823299125,-16.007648368270793,0.38251367,0.23611075
20200525_165,"{""geodesic"":false,""type"":""Point"",""coordinates"":[79.40657953974511,10.847157055743223]}",-9.61704382654928,-17.22854444126435,0.38798076,0.23611075
20200525_166,"{""geodesic"":false,""type"":""Point"",""coordinates"":[79.4155626925863,10.847157055743223]}",-8.451445919516486,-16.87409348920952,0.38563955,0.23611075
20200525_167,"{""geodesic"":false,""type"":""Point"",""coordinates"":[79.4245458454275,10.847157055743223]}",-8.449025478867942,-16.47760950613266,0.5195015,0.23611075
20200525_168,"{""geodesic"":false,""type"":""Point"",""coordinates"":[79.4335289982687,10.847157055743223]}",-8.505112257054941,-15.774474697904209,0.49122807,0.23611075
20200525_169,"{""geodesic"":false,""type"":""Point"",""coordinates"":[79.44251215110988,10.847157055743223]}",-9.131763478795694,-17.123320859801783,0.39965862,0.2701999
20200525_170,"{""geodesic"":false,""type"":""Point"",""coordinates"":[79.45149530395108,10.847157055743223]}",-8.206569661943496,-16.108344882968588,0.5356189,0.2701999
20200525_171,"{""geodesic"":false,""type"":""Point"",""coordinates"":[79.46047845679227,10.847157055743223]}",-8.097191131125811,-16.00590081310623,0.502666,0.2701999
20200525_172,"{""geodesic"":false,""type"":""Point"",""coordinates"":[79.46946160963347,10.847157055743223]}",-7.909035158147775,-15.841446783779016,0.4746418,0.2701999
20200525_173,"{""geodesic"":false,""type"":""Point"",""coordinates"":[79.47844476247467,10.847157055743223]}",-8.274217274058843,-15.682569391114772,0.415621,0.2701999
20200525_174,"{""geodesic"":false,""type"":""Point"",""coordinates"":[79.48742791531586,10.847157055743223]}",-8.085077792272546,-15.31228482657375,0.62503165,0.2701999
20200525_175,"{""geodesic"":false,""type"":""Point"",""coordinates"":[79.49641106815706,10.847157055743223]}",-9.097959228979724,-16.234860529822175,0.5396052,0.2701999
20200525_176,"{""geodesic"":false,""type"":""Point"",""coordinates"":[79.50539422099826,10.847157055743223]}",-8.802319799142538,-15.958262003989468,0.5961399,0.2701999
20200525_177,"{""geodesic"":false,""type"":""Point"",""coordinates"":[79.51437737383945,10.847157055743223]}",-6.479768939251073,-14.354337631614309,0.72031665,0.2701999
20200525_178,"{""geodesic"":false,""type"":""Point"",""coordinates"":[79.39759638690391,10.856140208584417]}",-9.353855640785271,-17.03424417182195,0.4716169,0.23611075
20200525_179,"{""geodesic"":false,""type"":""Point"",""coordinates"":[79.40657953974511,10.856140208584417]}",-9.52545612575491,-17.64815378362937,0.460704,0.23611075
20200525_180,"{""geodesic"":false,""type"":""Point"",""coordinates"":[79.4155626925863,10.856140208584417]}",-8.943542223490393,-17.25022462869863,0.5756053,0.23611075
20200525_181,"{""geodesic"":false,""type"":""Point"",""coordinates"":[79.4245458454275,10.856140208584417]}",-7.986800266248597,-14.813098971289095,0.5685087,0.23611075
20200525_182,"{""geodesic"":false,""type"":""Point"",""coordinates"":[79.4335289982687,10.856140208584417]}",-7.125216853909925,-15.867082822817377,0.5810651,0.23611075
20200525_183,"{""geodesic"":false,""type"":""Point"",""coordinates"":[79.44251215110988,10.856140208584417]}",-7.40926268967515,-15.63201511488172,0.583509,0.2701999
20200525_184,"{""geodesic"":false,""type"":""Point"",""coordinates"":[79.45149530395108,10.856140208584417]}",-7.662815660771933,-16.70454944566155,0.41105187,0.2701999
20200525_185,"{""geodesic"":false,""type"":""Point"",""coordinates"":[79.46047845679227,10.856140208584417]}",-7.755378128764555,-15.220432805427604,0.53771526,0.2701999
20200525_186,"{""geodesic"":false,""type"":""Point"",""coordinates"":[79.47844476247467,10.856140208584417]}",-5.244687036225466,-14.566865840932318,0.6214093,0.2701999
20200525_187,"{""geodesic"":false,""type"":""Point"",""coordinates"":[79.48742791531586,10.856140208584417]}",-5.015820154731332,-14.513462359596389,0.7224168,0.2701999
20200525_188,"{""geodesic"":false,""type"":""Point"",""coordinates"":[79.49641106815706,10.856140208584417]}",-7.399111623782259,-14.81558823830076,0.7331595,0.2701999
20200525_189,"{""geodesic"":false,""type"":""Point"",""coordinates"":[79.50539422099826,10.856140208584417]}",-7.788610279448919,-15.176588239111314,0.5627551,0.2701999
20200525_190,"{""geodesic"":false,""type"":""Point"",""coordinates"":[79.40657953974511,10.865123361425614]}",-8.895252594859087,-17.005328161811132,0.7278192,0.23611075
20200525_191,"{""geodesic"":false,""type"":""Point"",""coordinates"":[79.4155626925863,10.865123361425614]}",-7.322272181418985,-14.780499936997188,0.6445153,0.23611075
20200525_192,"{""geodesic"":false,""type"":""Point"",""coordinates"":[79.4245458454275,10.865123361425614]}",-8.541741475836723,-15.728363943424783,0.60538375,0.23611075
20200525_193,"{""geodesic"":false,""type"":""Point"",""coordinates"":[79.4335289982687,10.865123361425614]}",-10.641092744232044,-19.531417474150476,0.6135266,0.23611075
20200525_194,"{""geodesic"":false,""type"":""Point"",""coordinates"":[79.44251215110988,10.865123361425614]}",-8.28510084038619,-16.254685035951816,0.7201521,0.2701999
20200525_195,"{""geodesic"":false,""type"":""Point"",""coordinates"":[79.45149530395108,10.865123361425614]}",-8.088745755295081,-16.24419813628331,0.6574501,0.2701999
20200525_196,"{""geodesic"":false,""type"":""Point"",""coordinates"":[79.46047845679227,10.865123361425614]}",-8.661870677721403,-15.231514521940912,0.6411141,0.2701999
20200525_197,"{""geodesic"":false,""type"":""Point"",""coordinates"":[79.46946160963347,10.865123361425614]}",-7.85501910477211,-15.278346149025992,0.5761927,0.2701999
20200525_198,"{""geodesic"":false,""type"":""Point"",""coordinates"":[79.47844476247467,10.865123361425614]}",-7.393982113863986,-14.786900824350615,0.58342075,0.2701999
20200525_199,"{""geodesic"":false,""type"":""Point"",""coordinates"":[79.48742791531586,10.865123361425614]}",-7.70093076005136,-15.425033271215725,0.66700405,0.2701999
20200525_200,"{""geodesic"":false,""type"":""Point"",""coordinates"":[79.49641106815706,10.865123361425614]}",-8.68385263759182,-17.43071635402817,0.609982,0.2701999
20200525_201,"{""geodesic"":false,""type"":""Point"",""coordinates"":[79.4245458454275,10.874106514266808]}",-9.276886433639742,-17.568360971811302,0.5831697,0.23611075
20200525_202,"{""geodesic"":false,""type"":""Point"",""coordinates"":[79.4335289982687,10.874106514266808]}",-8.027309912787041,-15.083484193416757,0.5473684,0.23611075
20200525_203,"{""geodesic"":false,""type"":""Point"",""coordinates"":[79.44251215110988,10.874106514266808]}",-8.059265311302152,-15.679851893510628,0.6793227,0.2701999
20200525_204,"{""geodesic"":false,""type"":""Point"",""coordinates"":[79.45149530395108,10.874106514266808]}",-7.588423496173404,-15.420528626284892,0.5197643,0.2701999
20200525_205,"{""geodesic"":false,""type"":""Point"",""coordinates"":[79.46946160963347,10.874106514266808]}",-7.680409342882858,-15.45219604015676,0.7103651,0.2701999
20200525_206,"{""geodesic"":false,""type"":""Point"",""coordinates"":[79.47844476247467,10.874106514266808]}",-9.570500123942344,-17.544208781353802,0.7550152,0.2701999
